ACG.L,ACG.R,AMYG.L,AMYG.R,ANG.L,ANG.R,CAU.L,CAU.R,CUN.L,CUN.R,FFG.L,FFG.R,HIP.L,HIP.R,IFGoperc.L,IFGoperc.R,IFGtriang.L,IFGtriang.R,INS.L,INS.R,IPL.L,IPL.R,MTG.L,MTG.R,ORBinf.L,ORBinf.R,ORBmid.L,ORBmid.R,ORBsup.L,ORBsup.R,ORBsupmed.L,ORBsupmed.R,PCG.L,PCG.R,PCUN.L,PCUN.R,PUT.L,PUT.R,ROL.L,ROL.R,SFGdor.L,SFGdor.R,SFGmed.L,SFGmed.R,SPG.L,SPG.R,STG.L,STG.R,THA.L,THA.R,class
-0.03082606974258727,-0.014690339026879095,0.12769903882549657,0.05914489377160357,-0.027215970972704156,0.07960912342622674,0.12509243301193637,0.18077867504913317,0.18428387677180194,0.15271158075724403,0.22865839548838549,0.06297556059673658,0.0640861504601186,0.06434593955116974,-0.058090701176962245,0.10525054574661119,0.11710330924365775,0.12009746042087399,0.0026626652148005144,0.029376269225518573,0.035268184698500946,0.1255167110741048,0.055596301549406583,0.11981272877787025,-0.0986546932054993,0.0005217666707921925,0.020891746405891296,0.004164428691787352,-0.0050420236071546205,0.03040980800853203,-0.016480666400240148,0.07546362460478133,0.15132780256046105,0.24223601069875145,0.09404306735815211,0.21214483723585922,0.08346447002216666,0.06680043184207518,-0.10548291626034349,-0.0173292090427336,-0.04057150453478606,0.06090960735044149,-0.07973446120265357,0.01845064901811762,0.059275475538966255,0.2356606733875287,0.05344611467201716,0.12566932868108072,0.11069398114203172,0.22066280202346666,-1.0
0.05292085551564521,0.051249426385007374,0.07354638607955634,0.041369495664054706,-0.05827108339029424,-0.07762418023172332,-0.12072553868241333,-0.09705191600327574,-0.056947803037621016,-0.09922709634160239,0.03540142235953464,0.023677535484302847,0.0600534294131706,0.03619389664964887,-0.06641300382785256,0.05849348745932639,-0.07441898058144823,0.023554254133563313,0.021776070185598767,0.05564363439426647,-0.02261897535179966,-0.013452252118667296,0.019782158891254897,0.05825944087229081,0.027931635774538388,0.006592304669153806,-0.05345211996006811,-0.09920982182959324,0.02376959368910046,-0.039694337292516334,0.0372348752687838,0.02538717485339405,0.05690500544157418,-0.033641365529395104,-0.08308556353148616,-0.09508260961203295,0.07581445854808036,0.04665044027556924,0.03514737370894593,0.09468597115149031,-0.07185677273993786,-0.04628336755854284,-0.03032173401988138,-0.0889977912470737,-0.09785694519515846,-0.13408964491711964,0.06314803135225465,0.08554149907296842,-0.03094403867998251,0.03258022545218129,-1.0
0.21851935784173007,0.2544140455054701,0.30774484120718154,0.18405542172593584,0.10898994112457623,0.2850660742217632,0.18120309616453986,0.24371501590608377,0.11260291619184937,0.1451161767548754,0.2846477347917566,0.23742883951638893,0.20513387252066972,0.28253069117818685,0.08309036591535869,0.22083081657728643,0.08284984056915078,0.2689244289213323,0.16577551568108465,0.28467759252344066,0.11420454267569331,0.16783370133988793,0.21599790433406876,0.3311711069202792,0.054670495986402966,0.17457176934777593,0.09365403656989706,0.264788355600369,0.09241801938268886,0.2884392437865253,0.1614130673194544,0.21977417762911758,0.26289823449591404,0.3816248631550145,0.1870425795237143,0.25815856733616277,0.25480062138056586,0.34004793652532933,0.12367053285501789,0.16737237807798225,0.15829261351737545,0.2899448685714591,0.22211934159949678,0.26970652031200404,0.09656404140384661,0.12049952107235294,0.11013481774202342,0.28511263074126075,0.161706452678602,0.18505485758743914,-1.0
0.3264452613686875,0.25569854874044934,0.014365895799864505,0.10927342051608772,0.07557430455297788,-0.018881493864496297,0.10571952866230665,0.11318253271673841,0.15679316702030585,0.1033135644370431,0.17540178863892683,0.15939134580675035,0.1797236845355502,0.1870207162423777,0.034142987701139826,0.038025174331113264,0.0005518708668255171,0.08370109875602365,0.1087868633818837,0.06658999955108852,0.009585354310314617,-0.08987679307860252,0.13795118279186136,0.12013759917949769,0.26690571037321675,0.1905878607099102,0.11337207793678111,0.0018567794528084778,0.15106820884210562,0.10823025932324304,0.23618899383392655,0.13702981347123958,0.19849881922147147,0.07587025031936671,0.12046901456366133,0.08744651275724875,0.07664482245771416,0.05680595825025719,0.08156937654936246,0.08194718245714072,0.13644747612337396,0.08857486676506375,0.1912637037110555,0.16305156391479045,0.05079920306165911,-0.04685488282338738,0.11373202643703874,0.12845070438635683,0.10552795410914761,0.02575597973102323,-1.0
0.14543751243624112,0.09666588236670193,0.041449038066750044,0.11146079107406044,-0.07863121779828074,-0.1619407031201369,-0.09292884095043742,-0.06229871857162964,0.002960325122910982,0.03529428902638863,0.05482337810561666,-0.050295258200533634,0.035589188635244955,0.06743936966857043,-0.18412596258325484,-0.1377036549710211,-0.1588651028322536,-0.17203418315428112,-0.023955381380392948,-0.021544286880224518,-0.07729626948627474,-0.14357952046908062,0.010261738666710882,-0.02021778944471538,-0.12197325813954361,-0.07644701234059796,-0.021743182937245253,0.37520858783353345,-0.2541768490927103,0.006257704683884521,0.0007218577921548156,0.07333801660798676,-0.044670021895041594,-0.0503532318129975,-0.061994660571747705,-0.0555993554386767,0.005076596174505797,0.04656662099039851,0.018469749132434914,0.0059859289403606615,-0.08899709132051502,-0.06581351592595762,-0.05738552640015848,-0.04533095444187094,-0.13597562326520185,-0.06378103568260858,0.08759172421862227,0.028701418818798563,-0.1289679389452106,-0.07930487230183093,-1.0
0.07771819972117933,-0.0030029947169002967,0.07626444464919925,-0.17869565332026252,-0.09024238342769302,-0.00484353807171492,0.05013077239674785,-0.06049827739462435,0.1635480583987707,0.11683600996169242,0.12402499158862416,0.13190102265925377,0.023282194583143023,0.10418755197779563,0.02047806831316787,0.031039898571667956,0.020469399960403215,-0.026637639932083887,-0.014333646649345827,-0.042296077869561965,0.06483608137901982,0.08450802932387876,0.027143875161352065,0.15745802339485426,-0.051576715771681936,-0.08047791083352578,-0.0971907202731558,-0.01121381252892368,0.037199491530854466,-0.02415176110154559,0.1493608042938906,0.21023972273214475,0.0526390203038519,0.09125076133377347,0.07094822400527243,0.1598220911312053,0.03938382429278824,0.011154082894608707,0.07022803640917429,0.07764955072193878,-0.0006605665869409255,0.04428502236849188,-0.021338451883611453,-0.031452061304382155,0.06567260602756424,0.19398785209872235,0.09659586900565272,0.13868847461863212,0.03072265087734979,0.06833963389727199,-1.0
0.17245934303409652,0.10015818471612747,0.23117413742001555,0.21978256950957029,0.005706007362884282,-0.09459482633381272,-0.0022513327087342015,0.028464166746411588,0.06970070380104433,0.09139211306763038,0.06311582444977165,0.067294050100382,0.11360290598679358,0.11011994882626293,-0.12322396996966516,-0.0819096349476763,-0.08432062265132523,-0.06057479042998121,-0.03356222174117667,-0.03533394448515629,-0.10587474281181385,-0.1454297963442813,0.09150918219772847,0.06399259920070455,0.07516942699635155,0.14820233655049667,-0.07275999287476527,-0.0605242414404173,0.016662040622594482,0.007111009713367373,0.2301476672862159,0.16625097296994046,0.18113396025757378,0.1343448596732026,0.0744075999507849,0.03658658977704259,0.006946253927685553,-0.030816251604742207,-0.072670357257152,-0.020574813277471515,-0.005812684247535241,-0.07002584503952176,0.11156565430955202,0.018391479147327763,-0.04501825045209221,-0.014731065949997083,0.051407873565928186,0.05573304370255483,0.029676697902937168,0.02523436610023512,-1.0
0.09612216024610575,0.07817904959962786,0.19033535832465373,0.21312788514070521,-0.09547659447090967,-0.09883837094648446,-0.010035526639640224,-0.10364187183488088,0.12531853764315642,0.034284595798905255,0.05717112956840955,0.08711014777686527,0.11820620905284707,0.11942048581984716,-0.007361751473100471,0.007302967235934848,-0.03412099273672682,-0.011074359108122128,0.04368689711707047,0.06212214444194467,-0.07376743559284274,-0.04406724280326942,0.065277698822503,0.08419574208365777,-0.048587664250521266,0.0333504463813718,-0.20664097492835554,-0.19000897595347999,-0.02694429575404512,-0.10057437873190293,-0.011710971443262838,0.07152192696676704,-0.11082305222313897,-0.17761503030715942,-0.1048358202604945,-0.10648216232129071,0.014796712046754359,-0.008168163612662488,-0.038024879690845094,0.060659592839087596,-0.06716839488986018,-0.011014072570881848,-0.0861694692095179,-0.005506319278995697,-0.08520876407468199,-0.08503816273209619,0.13154325884349952,0.14692686016828033,0.008026177882653989,-0.03669735839445546,-1.0
0.19969313320766102,0.17002385456155447,0.27179825970766425,0.23692667169335255,-0.0678677903577596,-0.15146401119635175,0.00847470066905767,0.007882850578336905,0.08395995258467193,0.044921307192348235,0.1642884966247503,0.08056460563525329,0.16215423279084484,0.10143206423314417,-0.07191556481131543,-0.054263311666291336,-0.03550288210092301,-0.058042860161359955,0.08816180929324964,0.08334946965052176,-0.03138318732513829,-0.11867103341649958,0.1439464142557754,0.07057909865023941,-0.05298916035238036,0.07409790268630516,-0.11257972464387729,-0.10032127746568813,-0.07358134004366963,-0.11904437375034323,0.23850647627596114,0.13031907889865996,0.07943531304924321,-0.01922832774276972,-0.015096286273449408,-0.037456538249845246,0.07935783674163006,0.04319007284982937,0.17077795590551678,0.10197161313056652,0.05930649713846,0.036764494635709515,0.06312822767343505,0.09926614374843928,-0.05899865243278063,-0.09305901797332743,0.1794881808464365,0.1469771295819683,0.11561549266182396,0.07789548559127009,-1.0
0.18528839477615958,0.1717699843580975,0.12832759910650235,0.19244651856628303,0.09452611043886322,0.15353319761579612,0.05868079760541758,0.06614974274818865,0.11141451735021264,0.11364716420497274,0.14967943710358786,0.03607133105410682,0.09063093553165076,0.09786923196282334,0.036862370459057416,0.12951010652971598,-0.013397808440616074,0.11333793866087195,0.05621256754515771,0.16464734212578594,-0.0182039051215297,0.09773284584723385,0.15818169534526327,0.15909795855940223,0.027021447769176254,0.0832635795075166,-0.08034835433462699,-0.06525569359453827,-0.10201701494391725,-0.12022725593652932,0.036230999645509875,0.09722833508970964,0.1359564796916916,0.18446779061664362,0.10091183976148989,0.14741079334271812,0.09496347379348198,0.12454092474930632,0.15466273273941578,0.10209506721743612,0.061747704144153294,0.09399788110773555,0.12285526765582137,0.10287126161593796,-0.015867615946010966,-0.010913428581491089,0.14825406520561732,0.21618312463127776,0.1638025692595919,0.08655738578890367,-1.0
0.07269492941075646,0.06430455397192122,-0.0572036187056009,0.008456738552828679,0.08390400345959055,0.043405034347529035,-0.013436811434941484,-0.023710977623841806,0.08117934307304699,0.0311691550402412,0.10388807939751271,0.05254277210274868,-0.07357664439995186,-0.03434714453015888,-0.03404459243371458,-0.05435381325326769,-0.06918180280622069,-0.04561057380408271,0.004295701739473326,0.010520625766854795,-0.045895671771475084,0.02149380024432954,0.08564832630977608,0.16178035245309602,0.046096383733665584,0.05269212645651447,-0.03962153657430962,-0.013490481417135694,0.016887502400972892,-0.041111156289854234,0.3344923826971516,0.2005461200480262,0.04736472308789974,0.06947914588528377,-0.004011041987080709,-0.02288607635144368,0.06321080435588754,0.0086651493790504,0.07397470232188895,-0.05267157914681902,0.025626898630104627,0.02997670245042823,0.042100975217109975,0.06975248729087233,-0.03766481755413978,-0.07902633502770949,0.10893211033858763,0.14744506401801583,-0.01792877959663006,-0.026619878129302988,-1.0
0.15216903285260633,0.10785349327765399,0.29749656872036406,0.16475228914523224,0.05438373987573727,0.0080047838918224,0.1489043913817803,0.1196068742506174,0.1083740644004813,0.1080404345047576,0.037938286885847515,0.09711324520765709,0.09791786690007824,0.09751913007349672,0.05368495807102547,0.13521451399979476,0.056888031623242165,0.04431749254734791,0.045641448712465955,0.08673442719178744,-0.08980947836386534,-0.04287001210145794,0.09409322443106642,0.10613959706054721,-0.004804364148506056,0.0883333265060301,-0.03643297079910962,-0.07181231566198674,-0.0047094940727263725,-0.05361719594735303,0.06261854505814446,0.03908746487002789,0.17806436386173538,0.1922233547421599,0.04196295902711598,0.08460207060239387,0.09592178129636508,0.0971906016413504,0.10532726031559213,0.13717190619441302,-0.012621680437298699,-0.01552607577069344,0.08789895761202499,0.05057386511957449,-0.07414229476081131,-0.012901973024233293,0.10720870086706698,0.07191856410337642,0.05069242575339161,0.055848148288674654,-1.0
0.022903078579176728,-0.014095647209490747,0.09817833517289264,0.025170535038602587,-0.014381481465941022,-0.09616790653195369,-0.09271508490486273,-0.1483279337185822,-0.22453895825258574,-0.18208482323193123,-0.06682651886578346,-0.04464732513162554,0.044707418617126495,0.031871648191861876,-0.1374697217556925,-0.10811814846461172,-0.13180833935963968,-0.08106095991712921,-0.03268646262590738,-0.055821328242356076,-0.2137495325516082,-0.1451078961160028,-0.02863316728768579,0.061370512280520255,0.014151372573123025,-0.061823821469904484,-0.13209698441262646,-0.2003269653852082,-0.1409573790235509,-0.03901311585467498,0.0943369100805853,0.050295876057954485,0.006992101868360884,-0.0030736899240645307,-0.20200937534423447,-0.18313487801041284,-0.08114748739364848,-0.08082225858067982,-0.13024776912544403,-0.011360627734149524,-0.0822734764292445,-0.12420966005931115,0.023272629651385473,-0.012681434541560252,-0.17994729021799827,-0.19681333401890577,0.04473508034802839,0.05769918077837429,-0.11991436043360647,-0.08640477003778281,-1.0
0.06111725442746376,0.09674133605308699,0.09645194334578104,0.2512137286063327,-0.08085443296868286,0.06775372695917582,-0.03849456362178197,0.04176857352007779,0.04071226879084048,0.03257405373543768,0.15931540802307445,0.07819208268442929,0.05652366329383048,0.08282555215983291,0.08783182672703732,0.03594092699714069,0.014450955070341878,-0.06744854871530313,-0.03382377169681336,-0.04130652163774488,0.023579241327639115,-0.05535185263458245,0.0616092517309367,0.0894164844513637,-0.03160079169762683,-0.055610589723858385,-0.07532385306461997,-0.07604546944098475,-0.052124578702140344,0.026457812588153787,0.18645563169651566,0.1688389607795373,0.18616375010152544,0.2153434796761542,0.1520913685365612,0.11098197524587196,0.0612797162743031,0.04647551546234602,-0.12255549616489904,-0.053887215093378404,0.013533393564109287,0.029183880116233032,-0.025676113068035262,0.06616745302348696,0.1674534437999511,0.2063629197764315,0.1328672210709416,0.12609548810068677,0.10304610152663224,0.08272670606210682,-1.0
0.0038006237633259007,-0.04482295429674718,0.14507306734483036,-0.06282863438694387,-0.10338705810720467,-0.07298325539907023,-0.11666677717439501,-0.05925999127110029,-0.011491357945045228,-0.01928047909070693,-0.00851539049077442,-0.08560187274355739,-0.051339612049538845,-0.04418347192144926,-0.11880459060313721,-0.1160266315702307,-0.1414819758761276,-0.1405725557485262,-0.09458594939225495,-0.1221470961067514,-0.15201698893712898,-0.09593944338131542,-0.0326154257694714,-0.05376678083650879,-0.2567227292471929,-0.21481680071706175,-0.19055382148846203,-0.24861528396778163,-0.12893310952375986,-0.18083449911153116,0.03214879171365084,-0.012460182415152598,0.02285719325860482,-0.006471655536266797,-0.1069594390408047,-0.09369882123512767,-0.062800875893206,-0.060587979372866384,-0.06744660497751995,-0.11201901085879218,-0.1383764456664038,-0.11915776325555365,-0.14645647060405587,-0.10991490526936178,-0.10892877246569328,-0.14688516139790844,0.03067402354659261,0.03395052512628746,-0.04522163505625346,-0.0717082335954331,-1.0
0.12111746095798552,0.06881220059673222,0.0463527267143156,0.0140661094434186,-0.028817775669349708,-0.005706615253083876,0.03834559157564829,0.07734788483129185,0.018407763460168588,-0.04382880400054537,0.04303284363416691,0.04176262369493278,0.03741536780352742,0.029935211179811,-0.0763177756279336,-0.10843094741157144,-0.02348648818060523,-0.003282808427865305,-0.0735808532061784,-0.034030940152915023,-0.06957592290446278,0.015207158983836767,0.030160327961348727,0.08203379220417616,-0.06521992041066174,-0.002017593599350558,-0.08786961384069396,-0.09171468681671523,-0.11292627276845375,0.011150564861099839,0.21624879625562377,0.1719516103571245,0.05654729631239742,0.0600091110193511,-0.04134583658692717,-0.04277364903244852,-0.04066569515123311,-0.011230357185449777,-0.10683072487847219,-0.08368490230540004,-0.044547374371035335,-0.057851698566661613,0.0978234966071166,0.12067959537383127,-0.03881870944834697,-0.05150691199558183,0.028574283196679512,0.022187583825824694,-0.05070831186884134,-0.0475363757560045,-1.0
0.0970691927440997,0.026887567807694846,-0.011118722145173518,0.04442999807093909,-0.09811431534473236,-0.11569213777467163,-0.024230643408966995,0.030240279134420917,-0.06013474673390808,-0.12358852001165344,0.02898490164696438,-0.0014269629248218711,-0.00303350301996533,-0.02717714431782226,-0.04977464766520695,0.037565477113969466,-0.09950284256528497,-0.04185424393575865,0.006058942610484394,0.01989185016560568,-0.2063569270456861,-0.136459356059661,-0.03728237275489917,0.07844842294793009,-0.05173822905048444,0.06043581460384812,-0.1446216220026226,-0.1863525451022291,-0.23646590801864545,-0.19988804866370102,-0.009775425315102906,0.03993117402221622,-0.10872273775535969,-0.09033705856073138,-0.13865201599881585,-0.11350472839929078,0.031584196090586554,0.05935119342557193,-0.014397478025803864,-0.04647312594619494,-0.08446525514724934,-0.11196492406199672,0.05007621005056321,0.002758544476864568,-0.10483838306480613,-0.10018830422980851,0.03690190859719231,0.060254421952880555,0.025124138574800007,0.031659715873540606,-1.0
0.06149269942932182,0.015155649149535086,0.03558898844392682,-0.09277671472093237,-0.02335898941941351,0.034937052696314634,0.05170377337832807,-0.03429462634358376,-0.043213734895383965,0.0018448498829050735,0.09541021834339919,0.07944248629884686,0.02721293580238791,0.017545375693557883,-0.020181222994322724,-0.046358663352256635,-0.03867311602552897,-0.061299126518663184,0.03215301123733344,-0.013059912763189666,-0.024600740636684715,-0.03879177652662987,-0.01966272797095912,0.011345097990195443,0.05651044702863409,0.011795490548980136,0.08888180840517597,0.004369932400041593,-0.0268016680066296,-0.011322019006824667,0.014596479506554008,0.01015190674862688,0.009417469613607593,-0.04621416905318379,-0.020826177735940588,-0.020334764302019838,-0.017178030162156317,0.022782236478051457,0.009394613488923472,-0.07397401142393993,-0.009404065367362465,-0.02804969107478351,0.020260891231906945,-0.02290120374381226,-0.04593973979374868,-0.05203603309042754,0.06309443501586691,0.0695695047784727,-0.04069201089848711,-0.004648484871099219,-1.0
0.10163651030351706,0.04187328648213182,0.057088061528230837,0.031689856373533755,-0.0036173157488077526,0.02023646369646198,0.0023887383106025034,0.04603863464402209,-0.0448683003269709,-0.024040998271007325,0.03873149018916688,0.03487426790955573,0.04918247829225584,0.0544818369444938,-0.04168499119872835,-0.07417420803626153,-0.012781944269564983,-0.046969204016888026,-0.04041294160911555,-0.016701524278128717,-0.0447730246967947,-0.02514954541209147,0.06349712915576129,0.07416755582376446,-0.0627686756136977,-0.09826000434867976,-0.05674422749147214,-0.036096816286288844,0.025745068271938936,0.01799769601633237,0.25098873182031045,0.11358789422821587,-0.03439065033042942,0.00012212423187941737,-0.048987364168929876,-0.0336447690642693,0.0012430851420353582,-0.045214441275163435,-0.07438213183404753,-0.08578909223028036,-0.02657293448996485,0.013119471382507299,0.018823128972442548,0.030309477212951907,-0.05902822823700234,-0.08170135819464021,0.001160269010169054,0.04057500464876578,0.053671743613166456,0.08251347742081418,-1.0
0.13317832723582268,0.07821505567171992,0.036302456794933144,0.19721701559185364,-0.07767275096264015,-0.0393311361282487,-0.024723195454538067,-0.011551616128721763,0.01002336119441537,0.024407732251114214,0.06531042727463747,0.06984185140774084,0.13540192917375368,0.06536394272865349,-0.13333538863379116,-0.18083311555192563,-0.12396179926455474,-0.10208242223084178,-0.07766578974227661,-0.13826698212295455,-0.19137417906264978,-0.16478629940595738,0.04107368160393774,0.015580043761796586,-0.05880068838932434,-0.11806675109294434,-0.17153354284568223,-0.17384520394792688,-0.15368671027245157,-0.12339746697095211,0.22350278283223002,0.18804893233914133,0.027274105766495037,0.02595417506900775,-0.09988471466709276,-0.09333569142470137,-0.0027734456569811724,-0.014274466646865094,-0.12588141480114523,-0.14266029854659837,-0.024150689043633808,-0.057759339601777676,-0.00667670934385443,0.01455058763093256,-0.1313381027460889,-0.07209487430451116,0.04012538678350434,0.014870882611535874,-0.07083066074852883,-0.07458903221034728,-1.0
0.1671181994212503,0.2032196728680359,-0.13479074607875485,-0.07924110227103398,-0.07084835473893865,0.028666243741392896,-0.04639677977458806,-0.026960957181637584,-0.11436860916391645,-0.06935417874438911,-0.028619932214774154,-0.07733017760524756,-0.056239809267777725,-0.03305933437099406,-0.1633721041966216,-0.09788930661803673,-0.1838043333569469,-0.018601661826342913,-0.09157893982364691,-0.010776546654412682,-0.21106536338563872,-0.0332238824074131,-0.03274602550490264,0.12128210737205943,-0.09348235631788483,0.15588168285563608,-0.05252604757648158,0.03895044320241992,0.03711143706108833,0.04739398223392984,0.2876281088769875,0.17765359387203294,0.005835657973551733,-0.014376850488490233,-0.11596835780521385,-0.09169659588418862,-0.10860758103308894,-0.10476525320380742,-0.12524232375950387,-0.034872871398034466,-0.022189433317989993,0.027607167149889145,0.11279630269540268,0.1922244816409611,-0.17664940379470007,-0.23638663430351567,0.02705331923110565,0.04638923071707318,-0.21683050699618175,-0.05473765514822698,-1.0
0.07336973574244623,-0.023138478132044022,-0.17776763338691137,-0.06920542711271108,-0.027684699554053574,-0.019768981256360982,-0.06750167962004339,-0.12870794526407822,-0.010324267854289153,-0.025225879497582388,-0.06931206159562815,-0.0703336702277292,-0.09916767953546268,-0.05428957229216939,-0.08220387977530241,-0.12499152478970725,-0.06340812421068336,-0.08539509200606756,-0.06124269485125192,-0.13911271968286543,-0.09329338732288145,-0.06188359006323238,-0.01767532045120144,0.016554988547601814,-0.08455185218896684,-0.08298035908786831,-0.030999983817801235,-0.10767919389970931,-0.01683133391361612,-0.1157498309313972,0.18985321335285624,0.05843265515593895,-0.07784138773480938,-0.06949180646335562,-0.06764341834061181,-0.09700782727819746,-0.03415785320033463,-0.11267666998987241,-0.11570867920515555,-0.10427631765488653,-0.03483387954434281,-0.04853850978039268,-0.0013771657258470464,-0.003456990921274692,-0.1463745400073605,-0.18281405191772357,-0.030015732211445986,-0.012659274826500075,-0.1289899456557009,-0.06785741939733157,-1.0
-0.01330187447198703,-0.017746593792674282,0.15295197986370626,0.2513846350946731,-0.006752900091241447,-0.025941552300706328,-0.04267245770322809,-0.019713753409098426,0.014170923822707704,-0.008397855138798033,0.14627857255187088,0.044061043043361454,0.05793529490919377,0.09844718553924962,-0.05603326340038917,-0.03365008420978645,-0.009859804328890198,0.007277828106866561,-0.06157069480788516,-0.07650151614104088,-0.04298527308733823,0.017688459240234183,0.07560166234505623,0.0933505507759985,-0.01944386525954041,0.08559073900652768,-0.09579928676746957,0.043029635628826,-0.005603066690358302,0.053175570174753724,0.0530594129090376,0.017963375451418604,0.08922427745443084,0.029616276833411646,0.007776014647653877,-0.005870748708441838,-0.0026174934460199083,-0.04545821023670935,-0.04431047994789988,-0.017991722195647666,-0.04871231962535046,-0.012523955149772848,-0.07316644800969344,-0.025387075742555942,-0.10295887477885324,-0.1305272955394726,-0.013090537108546532,0.029185055171626357,-0.040748504508392826,-0.028179648555675004,-1.0
0.21552643153227166,0.12990800928764998,0.21596536808416822,0.14838866192076228,-0.04067215875426491,0.0096121411791776,-0.041140752578932335,0.010789699403752727,-0.006814474633958091,0.0029722894650604445,0.11242251126608067,-0.04388671021727735,0.11922224698531529,0.09936617378591366,0.11093135737341013,0.07281298798750845,0.041310744079859456,0.13002778620940644,0.02772472415694227,-0.00395517766287731,-0.03601195666266639,0.04164339098706473,0.03973919112254737,0.08365481523284712,0.0544764677080973,0.004362046595769525,-0.07008710645683014,-0.018114306504714683,0.055454570429083104,-0.012988959825914581,0.23450725318184773,0.13983696625493638,0.19479243847546537,0.16588566471301874,0.030552545896107616,0.10217303722131747,0.006436115640230427,0.005655913021582253,0.04920150645545931,0.11322845978518298,0.020853830172727985,0.06528041184011792,0.0511129524609693,0.12349680497571607,0.03276399250164199,-0.003647602491904628,0.03690257722381719,0.06244113946625043,0.01107795209212082,-0.007599173719252932,-1.0
0.03401816499203791,0.014829122006955292,0.034186564540617324,0.13499868874209248,-0.0004618164847171799,-0.15237527293561057,-0.011743240197191843,-0.0011059308087141655,-0.08564846208825778,-0.09135072432670903,-0.030796644237607824,-0.001984466332021632,0.03110740063875125,0.09039524321212404,-0.07788929038876509,-0.1362590100712738,-0.04448247526964686,-0.07681132213828014,-0.09718840064343061,-0.057593204100381136,-0.15156175109836162,-0.18642965193765137,0.014272724469128334,-0.00024022309438291126,-0.1128159352704456,-0.1126256263835203,-0.144486948964229,-0.15071528658006494,-0.10033732630640195,-0.13617511285676212,0.14598328297949772,0.08541175171891831,0.07957390955288775,-0.01181442569457085,-0.0188683983843644,-0.09379687936342884,-0.05354974735983301,-0.0946036080459652,-0.19696625122737213,-0.10032221313212025,-0.020537984811640934,-0.06380732318035974,-0.014264876680806754,0.022994054908538827,-0.24367050585419833,-0.18472991549541604,-0.06565572007434199,-0.001206540995960385,-0.02221063881376192,-0.03877608838799403,-1.0
0.02922312245285297,0.05661164950392664,0.09612843732523722,-0.21423618227772764,0.020647738344050846,-0.0006540388600459048,-0.15310234730073177,-0.11902428411819604,-0.3450589509434647,-0.1835479308314446,-0.11002537665131257,-0.0932938709974161,-0.03376738009302037,0.039823158580895204,-0.13479570992958376,-0.16510960206513883,-0.12175906075395689,-0.11174920605189496,-0.042053376463877516,-0.05205649095073215,-0.18143166794799373,-0.09322275788043205,0.01996636231712055,0.03557503870744341,-0.07508983726431935,-0.0798939083714024,-0.09994657997725147,-0.08423521395797257,-0.0783276053224808,-0.0568288894960557,0.11796821100370929,0.06581112128422449,0.010598348864921739,-0.08963937226789824,-0.20280219737484387,-0.13549173883292406,-0.0711207775484904,-0.027540589949455217,-0.060052729681709605,-0.08445280699020778,-0.042452794046365185,-0.0056890851551507395,0.016832280584155878,0.06588365045793408,-0.25815481199874796,-0.14714426385059207,-0.07213591559530642,0.005080934306805697,-0.10901973350437903,4.1186392351743456e-05,-1.0
0.09727650211987382,0.07868372480086729,0.2449918547645358,0.1553094565592694,0.06849628759923836,-0.06617805223225567,0.021037433311449794,0.022625285209740387,-0.034614372998524816,0.015482075566720039,0.03791543922886621,0.028877154145012823,0.12651965147485553,0.05449820495427546,-0.0877068067380482,-0.052206880003735225,-0.040239685973726624,-0.0023541846488890606,-0.08623803440988663,0.06934119568446205,-0.020416051786192255,-0.050014325888240514,0.09700051924014264,0.10628058348091378,0.029149720500055626,0.03189033540204967,-0.030662898457300667,0.09497154537586981,0.010990698727193044,0.014187488208412523,0.17356241431818617,0.11033804553644246,0.06948769277049124,0.018349942044446108,0.009532410852934924,-0.014116823691069945,0.10139281563009832,0.13587313306489365,-0.03788660378194283,0.08889008796424043,0.024331511997881704,0.017296480238695733,0.1159109575976492,0.09178330730390923,0.004518922120749769,-0.03337911399338752,0.07508058218244286,0.10305850380506389,-0.01250516616551988,-0.04258249942668069,-1.0
0.19182502977346003,0.08634099697552149,0.0269911146391984,-0.09286131044880654,-0.41027925383721175,-0.3391272319636795,-0.06044349273776617,-0.05353748944889438,-0.03515552773938658,-0.04035529508421358,-0.12147041061414064,-0.21655167560265184,0.020171338478625577,-0.028970085920329985,-0.2944187195092436,-0.25876149631183937,-0.20548893799350124,-0.2510321415781051,-0.037366305558403416,0.025199848490512915,-0.29281385437786017,-0.4185345367362592,-0.141476487601622,-0.03143083724407829,-0.39781730823207834,-0.25664646967270593,-0.4311964286531785,-0.18144940610005592,-0.16485731028797915,-0.21046880660579784,0.05014529566620473,0.089277571807783,0.09720125492933811,0.0700675803820683,-0.14038758257396763,-0.14743194828378126,-0.01611887148906563,0.0006331869109409116,0.06892555068953686,0.18571938527941165,-0.007263590053397003,-0.12803614644755504,-0.13505601537547549,-0.04121572925606493,-0.43101534927383617,-0.4878625286554385,0.005445645567541828,0.04317502312324808,-0.17633167856214157,-0.06590253504469351,-1.0
0.06863523008646892,0.052561411078983676,0.1301930685945851,-0.011341141362729706,-0.005105998270143952,0.1597001059588148,0.18615868069407338,0.2220501336286704,0.2893431973264819,0.20081938786022843,0.37604653505558877,0.25853036708744753,0.08290608056328357,0.11635561765973361,0.10531207790446856,0.16397181575923134,0.2137690826385665,0.22066306672602667,0.06609694214312987,0.10069078789569164,0.1153530919306313,0.18346736019540136,0.13886147179006167,0.20519643429921075,0.021944356467784226,0.09866610261368791,0.04987557065159931,0.00796829361984521,0.03914187909133727,-0.0009162512267379361,0.06990543034857154,0.16630611509649443,0.08749984327727685,0.17442386833602666,0.0907386258091961,0.18376716017506878,0.16342259406744933,0.14349733540172369,0.12887074259669482,0.049758708639514905,0.056659181109033646,0.12501936353739712,0.07335585767126498,0.10315610538309784,0.14224307401539124,0.29145587096639575,0.1775876209804763,0.1608265032669924,0.16360995676499995,0.22629739806880142,1.0
0.11169746602525983,0.07671261238001965,0.30322248956779735,0.3497072543009829,-0.15165260037208436,-0.10425518865359962,-0.05171860573768044,-0.004236104129585905,0.052375517298236425,-0.03979310479711764,0.06686157585057169,0.042246687706078666,0.14341394458655463,0.08124336430929636,-0.07405789190451048,-0.002104963656570725,-0.11062682089234066,0.014365245377224889,0.022161787020140506,0.008320325452633575,-0.04967225528580538,0.03575125047424354,-0.004167149704188929,0.09019997314943913,-0.011758626148277508,0.0721639813968684,-0.04938646015100975,-0.05389167683815895,-0.06775243980975,-0.028960405238893625,0.11507034825636553,0.12670932054822848,0.07782345888048221,-0.05081703417379463,-0.1419511736748478,-0.09455762146118406,0.05386857395585499,0.07419127418775048,0.11583613125726344,0.022154057621618112,-0.051524936258964434,-0.017186807482451875,0.042247133686392935,0.03141584478661211,-0.20755934242914328,-0.2069438319817943,0.11806270267343368,0.07532192716464238,-0.06197378022622679,-0.0032139829109079157,1.0
0.24039601608804487,0.1710542516535215,0.4209896934315435,0.37293528066301196,0.16005334429235096,0.14090993674257066,0.23868371585388282,0.2945856916422733,0.14036915678795311,0.13708574763009387,0.22474525127955158,0.2525594936623093,0.27097135007962897,0.22555262735942996,0.12324936358892209,0.07467594592930822,0.07087990863092679,0.0627534872302563,0.1129927721662438,0.12221729125898577,0.049699211159251876,-0.037485339263262356,0.19399808504265795,0.175880033810609,0.12351811643457881,0.041889938158307584,0.06606405256581044,0.1826537694592221,0.03408082356316348,0.05285150582474024,0.2114941297762565,0.23340386416413852,0.29768013025734497,0.3260175463226979,0.09259499907646566,0.14559302574228242,0.2261560326354285,0.21107023131469693,0.1238113006272118,0.17096503298469656,0.0853815144045972,0.1318859695268025,0.230122782039917,0.19640909302257523,-0.012008172670345542,0.012311253203382925,0.23136144571824005,0.25628313874078484,0.2177083236477206,0.2024297665278888,1.0
0.13142217293091682,0.08011531477903201,0.017568579071164218,0.07509372535403692,0.008925035498217467,-0.0016146352009571406,-0.007275508617307265,-0.0013823884832168838,0.009477672248789546,-0.03839082563625703,0.06593682109813369,0.012319338860203657,0.11673239252966795,0.04093134771695507,-0.027236975263014846,-0.02537034483445526,0.01354090432965617,0.035337199920008895,-0.030307838349372684,-0.010353996729108575,-0.08251822357492829,-0.082056510760924,0.04035626502515552,0.043718676169313776,0.07965272981009634,0.028676838388806716,0.06297121204524185,-0.04573505966518438,0.021856805447240047,0.04922730142099635,0.13114077221681703,0.05003720059466522,0.1772763980029275,0.1502216627793764,0.01684234526175077,-0.006322231754155518,-0.025891394776755467,0.058001739023824585,-0.0716579368366407,0.03686985236766006,0.03717704547489369,0.057488419281790694,0.06330007852744061,0.06133148901914259,-0.09811272091183686,-0.11509498138002532,-0.01844491586233497,-0.01230602746063464,-0.05055736166874405,0.013188977995366743,1.0
0.18146340157766008,0.15622489229989125,0.10070406853671149,0.1250449609414509,-0.06746117180731444,-0.10530666764552271,0.004943102460735444,0.06298078480978422,-0.14706411232592045,-0.08352391364331573,-0.06900284097691582,-0.09854040386108016,0.012771124416686042,-0.016439828667655528,-0.0903434211928371,-0.0545738444037353,-0.10624551190208852,-0.02036109374159125,-0.12125264921038144,-0.013297207168285885,-0.1059491425905087,-0.07414887875252894,-0.00986552482315215,-0.0035398465095988936,-0.09959382882098881,0.019930138556704214,0.025788047231831552,0.3192624501520193,-0.2871687679435636,-0.06134613296020103,-0.08576227281419317,0.012547195914909492,-0.03946464872358207,-0.1477894432390745,-0.16984233289025408,-0.1595371953700441,-0.047501527383089014,0.026115636952520258,-0.09152259721642624,0.03234228274025986,-0.022345420288109447,-0.039097496820988266,0.04725181796545863,0.01518031885276827,-0.1906912055667138,-0.19152325516872074,0.0032907748936214947,0.05620857811129456,-0.16320541918402365,-0.06963229387306887,1.0
-0.033012056771868296,-0.03734478898162099,0.11533137284187506,-0.03408772423259904,-0.07709819778439046,-0.0032066018508027003,-0.07157350151381106,-0.05771008848185511,0.014966966126422019,-0.01140585085973307,0.01008653534072935,0.07322254473353601,0.09176650284757654,-0.0264493373524266,0.031929864032756876,-0.01072921452403106,-0.02149336038205911,0.006565366251335368,-0.032844519022931444,-0.14633893436956272,-0.011466662005517906,0.01969815978545129,0.010925936568531787,0.09306296860032814,-0.046343432913338166,-0.01788456756532459,-0.09025085553471224,-0.09211427304806935,0.008300395046572628,0.0016880642730881985,0.07236929399995744,0.03652830189001086,-0.005216358928505824,0.012852203327247442,0.04062445883531079,0.057759307977468394,-0.08561352398170295,-0.07712375755060936,-0.07112805201851626,-0.0337496343594556,-0.04720883505041868,-0.020884110330507643,-0.05943094419504947,-0.008280235520486299,0.000812233484846301,0.020082450491828205,0.0495837478022573,0.04472619439518791,0.004122940762884806,-0.008186786015426618,1.0
0.10842240215745151,0.07864849202586442,0.18822824682910388,0.1339912030367844,-0.02818009130522241,-0.12530392557391942,0.044904966805298874,-0.009879432839906211,-0.011621806802464643,0.006215011513608514,0.05101853551968668,0.06618946417689975,0.054042916634698124,0.061815031312997336,-0.07909472436824626,-0.042715506716011285,0.017800962183936914,-0.019186497338474832,-0.021397025181458612,0.013600808250657667,-0.04962206662374529,-0.14380528928555636,0.06984314311377623,0.09470885703544941,0.09466625046284079,0.11846421767414167,-0.004575415672130221,-0.1075700946339967,0.041331354040410405,-0.030539456381051603,0.26687555218004666,0.12825784996586684,0.07217828673620386,0.03592197475684387,-0.0021891531860056402,-0.05315468315406092,-0.010480695458389045,0.008192003888156022,-0.03047733902621631,0.014526220021668224,-0.018791212030519647,-0.03710531153803103,0.0911864825102681,0.05297599824904642,-0.01682295378552068,-0.04166612928351362,0.07446588559720131,0.06851840423576065,0.07622813876165875,0.05350257531153698,1.0
0.12566682526722428,0.07565298616849171,0.08523578862281965,0.011230219716577386,0.025599639341207497,-0.024567733438192504,0.05016983432715063,0.11106765063655293,0.10397862493981042,0.05401331569839441,0.14966169634585658,0.1875599448883467,0.13264942138582994,0.10332884714197121,-0.01021630340864574,-0.02113726357106055,0.02024671321034027,-0.001965940134982749,0.024508449390717172,-0.008350424652853973,-0.05373372900460085,-0.09032350206446338,0.08594927139742782,0.09022320706176841,0.13015364285433342,0.042616926637117254,-0.046774034269272374,-0.023361860743546153,0.07370386885314655,0.02530695482667576,0.14319873807010627,0.1460486483017381,0.040497377069845845,0.07215732506927834,0.012099067659571338,0.012966715378996838,0.0017337906691819703,-0.004410578109561701,-0.024949249505517034,0.006320125815178999,-0.0033018952197363485,0.013185570106032793,0.027594605790794393,0.03916329929530687,-0.08108636591206966,-0.08914269017875304,0.08284107670173341,0.12569043866715682,0.1129439325514054,0.0642207642031225,1.0
0.1942227963697906,0.09992729562824083,0.1426328120505711,0.11205482234970267,-0.029950039100529336,-0.22902920429066084,-0.035404948980646285,-0.03803031123270584,-0.05618945419182211,-0.02074231396339637,0.0011966759124638255,-0.03659216897942808,0.05577880196919455,0.06560745611061675,-0.13147149594211552,-0.09506842897043966,-0.04821391112619237,-0.12369320093886761,0.008472642066728498,-0.03443726031125955,-0.13409202384314273,-0.09620228657241076,-0.021756842143045848,-0.019175279237277906,-0.06346868448125156,0.0261156716584805,0.012153154554692716,0.02838385265947298,0.022102364990528086,0.00851013700321221,0.13663379400851428,0.0853157268944693,-0.03504107461299374,0.0251379650173482,-0.05130521712363064,-0.15083620883437734,-0.021901464892806217,-0.03782279025974474,0.10756320207016346,0.07582469976253588,0.09470482365335804,0.019301214172879073,0.0713157112786299,0.040443238914823314,-0.11694723665654788,-0.1910624457210359,0.04196680999203265,-0.005393182259384556,-0.13961195118714204,-0.10355913152741476,1.0
0.17769673416325396,0.1330982662157819,0.4525028886738542,0.25215994379867807,0.23591659784408828,0.21291758674236808,0.03585690068726655,0.062235913079558086,0.16235053980244632,0.21591120926602417,0.26183905578317884,0.17020350184496172,0.27480037462661727,0.1817236268746586,0.059959111599225685,0.0492988401972933,0.12043524551216907,0.1491257103187553,0.021860016779728018,0.09129023578280675,0.037644743674460766,0.07049548237831972,0.1934462129510869,0.296830051732297,0.11538920230966737,0.18671705212063647,0.044164716337865444,-0.013788189897478766,-0.09135106668835714,0.17160572359123283,0.17018779084692529,0.14448524394566042,0.2922013099609317,0.1795949212279062,0.2256803534406162,0.2646055417893972,0.059955220663245434,0.11369223151123183,0.13024399714666693,0.20767393589991703,0.18255199354267548,0.19320240628531657,0.19330552698333014,0.17029409671436854,0.16310287993236197,0.1969287352574768,0.21888168134183808,0.1984831946265616,0.03943521847816452,0.10660254778047525,1.0
0.15041349851045066,0.1066247975733348,0.0895361679827145,0.09973141983038875,0.027499585678724726,0.07937843448968808,0.03793808710436521,0.025003609929603,0.044178585082329164,0.0813340751108632,0.11335462585498286,0.08980381149580774,0.02990623791250592,0.09136630149168284,0.05274005752001409,0.10475001122330796,0.05910756769249609,0.11934751503916684,0.05360978315091677,0.06586742544299705,-0.05591957488516804,0.08886256421861609,0.07318506733483325,0.150159799503333,0.020571830371386643,0.08326282786143525,0.04453448239529371,0.08403001274108761,0.004211792726413524,0.03884144971126983,0.3955969975130376,0.2949980764820597,0.052362653949205355,0.17764090817958733,0.023232242714888367,0.062225450945622436,0.1192517313963019,0.11876819653192251,0.12949200877045447,0.1199976898705828,0.08162461184053359,0.09098145174762717,0.11505745580909854,0.10481372237580937,-0.029602084917608847,0.08079032003667552,0.16496450226986276,0.18901894182084156,0.16515209449103133,0.15846521860230267,1.0
0.3336273386381921,0.2172119454251439,-0.0024979821884314485,0.13600305291155887,0.13300230218841566,0.0780920494962927,0.2001368132717425,0.1871435860010725,0.16178273929097423,0.1282814864973201,0.14512106499178484,0.1124745069872024,0.13061011775645584,0.12660621630270466,-0.031119405986434024,0.07504848904469524,0.007825415085280752,0.04655752074021971,-0.025702653006309042,0.011944942482159769,-0.004424849332244072,0.012591487099217015,0.1415876947777222,0.1838841765527144,0.05030916040863534,0.12062795302354455,-0.0019967539001682793,0.026211914971239095,0.0058634321555147,0.0637576204770348,0.29541804552842954,0.19844111683216656,0.2243622082507478,0.12634124533393673,0.06211941988519452,0.07808415824081631,0.14693799792710596,0.1794949900787135,0.05783438047968595,-0.0523854806443225,0.10538766766849673,0.09698777892825321,0.2681397014104083,0.194576359852358,0.014242711685681487,0.03664674303642856,0.11050304176054777,0.1568226583788831,0.11514299346031553,0.11212170807701465,1.0
0.08495812899949262,0.07885530310586895,0.08135977024158324,0.12240731086895225,0.11234766344797435,0.05254912907241188,-0.04831331612191588,-0.005657522813082867,-0.21772802135114255,-0.2321366160820413,-0.06900270200412043,-0.08703357837684228,-0.0034220579599414844,0.01096128718845196,-0.010824306629908714,-0.016064609572896366,0.043447406705847076,-0.029632631269004273,0.04044343465804367,-0.027994179757198857,-0.01247962315379753,0.04359571912494031,-0.0018132884407694935,0.05859831718369627,0.03791643110571285,-0.012006286804965257,-0.06385845821092216,-0.10437507847715992,-0.05714592722713385,-0.079534115105234,0.09680320082707004,0.06951398975199673,-0.02084813831113257,0.0428025266089635,-0.021217968308615123,-0.03534086070755479,-0.10268163137090171,-0.035792338668960505,-0.13862187350785457,-0.1335630527095647,0.05076098103899194,0.04052999480282302,0.09381502663030579,0.10034884333350895,-0.04952924607605056,-0.029653833438943827,0.002691144675550159,-0.04119551942056238,-0.12122289592647739,-0.1153219152475376,1.0
0.005636539824463535,0.07401057505106651,0.08602129588709717,0.04002373844780502,-0.061400010013996954,0.11821514806084009,-0.02178744692460487,0.0053936133608689625,-0.007294808324695178,-0.0003035043413361198,0.12991691394732185,0.11129287837946561,0.04225416168663761,0.03795202272239876,0.17761204948129203,0.030097301865130616,0.08823450834118007,-0.039518875604641075,-0.051284375476158155,-0.04678066507259423,0.02331963722812699,0.022108998582573234,0.06683523498854713,0.10483283483024401,-0.008178707082921288,-0.030063483022455147,-0.198271631362361,-0.06064400506240051,-0.05274373555631442,-0.0328270685037562,0.21524835111657847,0.1361166535546861,0.11980714560556964,0.05998128657009181,0.0967308014194705,0.05351923669448775,0.01886042193362345,0.06750574197592797,-0.07423229898110197,-0.018694152669645584,0.004312923633913143,0.02554462344529418,-0.0012761076926252474,0.06075499775971784,0.11378131633654731,0.10374510172348446,0.15208161548778185,0.1344512166783389,0.13656297963010344,0.07952590742475422,1.0
0.09113688663909791,0.02402275918269954,0.04438993149166711,-0.13931798283958255,-0.10805354816734515,-0.12401761803459488,-0.07741824745109964,-0.11029352571909212,-0.03337687895855775,-0.034967109473909574,-0.04357325069230899,-0.08197710353606179,-0.050885469992220635,0.017282566652066112,-0.16659474188009685,-0.1870719180676366,-0.13033706165960737,-0.0938806288927404,-0.07979661971821585,-0.11391350187649647,-0.17641598365413472,-0.17298394668247416,-0.028450236122383874,-0.029478435847238343,-0.15261218238910015,-0.09364018746517776,-0.14066600197506682,-0.23575093676567285,-0.1613993417348887,-0.18195775527323602,0.01089726535674565,-0.0017849179823543292,0.02062540042252407,0.01596261355001051,-0.14222414177053413,-0.14450213570978546,-0.1404539899298362,-0.12626223326225947,-0.13572814033045133,-0.10393707512554028,-0.04992152900251179,-0.11401992410450207,0.016390484019307993,-0.0176894504548187,-0.16094622652796978,-0.18241941109820245,-0.014690458305713828,0.017431583231037905,-0.0355150301034204,-0.014020843290518342,1.0
0.04513966155389953,0.026385225880994876,0.07959192467716142,-0.0065218097916522446,-0.062181522610856375,-0.042641326870985985,-0.1066265139175923,-0.14341886990068772,-0.10543987177988705,-0.11659193765892291,0.01210638491875513,0.02157925173756031,-0.029113411661900387,-0.06599560351873619,-0.06614939966115667,-0.11073247191832591,-0.05096171163242253,-0.07234599379594815,0.0176945467115024,-0.020161543974060715,-0.06762630123198947,-0.0317356102638433,-0.024832919482189367,0.01841483253736676,-0.0064328777277664175,-0.03593077632271901,-0.09208360914912145,-0.09681624576264435,-0.1405077435148295,-0.11286518277624667,0.014958966929501301,0.022052607351069457,-0.06109882313845814,-0.06177248399125779,-0.11798439898214187,-0.09229485799800957,-0.12872087597179868,-0.0687708250763411,0.02074561122195194,0.04059702880650093,-0.12048650912374216,-0.12485812400693232,-0.04349743989313334,-0.019923934861106732,-0.07906236705670913,-0.09890657600289848,0.058051291548654904,0.007389392997744863,-0.024178635189308167,0.03481893038296355,1.0
0.2223968262437153,0.15056068891859795,0.35483648395196665,0.2922721571028462,0.125080789348375,0.04409954620846714,0.10093132983510851,0.12909542403959387,0.09300784310543679,-0.018561988958231194,0.24588594653025542,0.16925668774516459,0.16809545824988492,0.14652197342352127,0.18564381576692612,0.10893760538746171,0.10437487780663028,0.07322919891575225,0.09475454097618391,0.0962005427109306,0.008802288174751632,0.020884244916179805,0.1397634615416978,0.19469437630872966,0.12743648467580598,0.09190911662022651,0.04525954798185657,-0.0475915085246005,0.035644927091972096,-0.03199269977299715,0.18010849770178247,0.1926634079717399,0.11903512066067556,0.09522764441942196,0.05241234155866348,0.07614303021790829,0.11275246022143443,0.057369432112556074,0.11896045387842975,0.12638985972215125,0.10619001739820581,0.031450771972156115,0.2548612875813801,0.12031867026337122,-0.027476480263760646,0.026289442789033543,0.20331629135962015,0.1536938122383876,0.12323104562823654,0.0946817191934003,1.0
0.06557011887761088,0.06146667737848568,0.03663170056235773,-0.0020194791441588886,0.1412394759367507,0.12089810868913531,0.13363137218122753,0.06961080476926891,0.06919483087057986,0.04706921631465166,0.17167506313696387,0.2002150526687391,0.07162374838760183,0.04650508646593202,0.09539755466316197,0.12179669182986065,0.11512062754154795,0.1333064536113073,-0.009931330962870025,-0.050128128142947176,0.03649665592176864,0.0007110285768363363,0.07885949478600605,0.1733609408283253,0.09264239120741406,0.10192634599120931,0.13746403040757066,0.07178983382719838,0.15438985151060544,0.10368626815353472,0.17822047976732983,0.12210896503439002,0.19249883834381012,0.18765836654679813,0.09571077557209529,0.14799877781967974,0.11263691046706731,0.08859365182521235,0.06133287571163115,0.04456894501751466,0.08637328421168196,0.0850837787234004,0.12276410914603382,0.0736633046813704,0.03688733271425446,0.0219233175274948,0.04289276638996409,0.11050530002511898,0.0456779844279756,0.046509009724141896,1.0
0.06431537365932198,0.024427225452720986,-0.0017078898616515372,-0.050579404263596354,-0.022982205424703125,0.11139246128596635,0.05645930306467136,0.06973465690991114,-0.09788966311551466,-0.017086433831889514,0.014781079736115843,0.10373557270327627,0.028635748153297665,-0.018126192113063665,0.03696372409348555,0.07530512369101837,-0.007425052088981115,0.06416916293649462,0.02779540213251326,0.004513475264409361,-0.010174688109141352,0.022018601885526515,0.08084840631963874,0.07202070525402353,-0.039434480297765834,-0.06355497470014546,-0.021834378493680685,0.04593942491054634,0.047809549634312776,0.023737653065745823,0.08766328715159111,0.10851435515392131,0.04466229827820108,-0.04206882560409847,-0.05410540135858125,-0.014645284240328753,0.035146452142603236,0.015925336153768236,-0.08908255931767982,-0.031487982868766536,-0.02733348725391946,0.03520720144669868,0.0074584727012721895,0.044004189322680735,-0.003925202419586255,-0.04166130054224663,0.045885337455888214,0.08064214729687401,0.08036211133444822,0.04461023918205078,1.0
0.19879317084336398,0.14618607903195172,0.15884511205262744,0.09066246599077238,-0.10815348950827457,0.07988927334906727,-0.029887786236682302,0.03735772868724768,0.15722320028934458,0.11918199373324749,0.17957161442494315,0.2000253500629621,0.03596978445740036,0.030748327242436087,-0.03237392582471107,-0.08721617261251735,-0.06017205857100386,-0.09745989976105573,0.014479517284383391,-0.04876857945364114,-0.030962212150754176,0.03282334428815217,0.05366227176238333,0.17302103487713347,-0.0277144918886031,0.027679325689298498,-0.12079929121326811,0.043455682187853145,-0.05359601552012091,0.017379370221457736,0.2043164893032736,0.24725436792652236,0.04591176697821545,0.09528785565629883,0.02489490066465437,0.0366973161282061,0.017698301414602314,0.05060625054837506,0.031711177836868956,-0.12488894388956762,-0.04418698743565667,0.010252560137594305,-0.06813835446396438,-0.0037984179183098016,-0.01751088792773962,0.07848861510710965,0.12979873052439558,0.10345625095324636,0.016795065663583773,0.09045716978181044,1.0
0.14443587288459228,0.15252771168709794,-0.10247861088643696,0.08472583896114905,-0.04361621179132943,0.003010051042752792,-0.013327603726993847,-0.02688323006858628,-0.07756093165646458,-0.06799912774252097,-0.08655252297774407,-0.02115215698094419,0.0002183477059396662,-0.022470644089745893,-0.15228079652747498,-0.04349901210223497,-0.15349962381771584,0.016430596425660204,-0.11394973444930956,-0.05491460403715842,-0.1849446695701262,-0.04222165517071916,-0.04540261122701398,0.07990078604354255,-0.15057925281980253,0.006098819684266242,-0.0878344959285416,-0.014212475793206577,0.0169638247561593,-0.018756755634155523,0.24525033048631484,0.18036849596628998,0.08291029235955175,0.05521695973015232,-0.050791760597118256,-0.06045406555809769,-0.12500761177325703,-0.0012303986450510316,-0.1365422491689375,-0.03770469695329878,-0.022247894156357317,0.01744763262166649,0.08019201815119044,0.15290214693286414,-0.2038779525338945,-0.2482144435936057,-0.03412276976631468,-0.004246989275333731,-0.11209260429304253,0.0012254138597720167,1.0
0.18078775630754118,0.1244597856496532,0.07058475314848625,0.08257567510934995,0.06089593044446764,0.03436274673377574,0.034693700761407466,0.06520866962551614,0.10310076356023506,0.0877686194923033,0.13766250237769204,0.10158007448679353,0.11639549744851525,0.08903854998709687,-0.022183591277727482,0.03355413591072944,-0.013252922055157998,0.05356275217234354,-0.00799001475915708,0.03509040821520392,-0.04298051674131228,-0.011379496996672511,0.07946049676993476,0.17493906291627262,-0.019153168216017192,0.10309154536194304,0.029989192970014594,0.09450954816792449,0.06951788764370141,-0.016588020003162677,0.2653799068266088,0.19749636492157727,0.08311579983559708,0.13397413003138317,0.09009357337187157,0.022695417551429148,0.022014017707376866,0.03840254499851345,-0.037019427101570794,0.02390028338434258,0.08447047928125406,0.07291007614357775,0.11944805292124595,0.10932093275462763,0.053091043430829966,-0.04933305839134333,0.013383010731623771,0.12128364209755842,-0.026637918618455336,0.014155026753453223,1.0
0.18313371304327689,0.13760559673543918,0.2607243918894469,0.027967867461771653,0.027521228675138013,0.05557182909048867,0.042604817342293634,0.08308491634106929,0.02678814988844178,0.05146377498211388,0.20077772771868227,0.1661676383498014,0.12306715901302943,0.11645512656612689,0.09038036582413068,0.06662659230577063,0.05437237102914933,0.07295794415932273,0.03471093734880879,0.0659167800501367,-0.016102045707992677,0.08732042181869441,0.12415011206537685,0.16727863044250077,-0.014969106000904578,0.12333352901478638,-0.04102791941960749,0.027600901879512686,-0.057320719585365616,0.012537705811520852,0.2645435727925078,0.17647322258849354,0.16844025704560975,0.06460928563160732,0.05119886798588735,0.030429249789867368,0.09553096562175785,0.08251239412763645,0.050348849234566034,0.07915928916709673,0.04233942312887645,0.09012789529095411,0.042438879163357944,0.112984404731587,-0.058518667437719586,-0.022018182281591355,0.14813728563293904,0.15515935624989,0.0153042314609947,0.05513270673809645,1.0
0.20370583915364726,0.17924337561309148,0.11307319024324279,0.17249824827130564,0.14355735156442187,0.07423260121202994,0.006814748741878517,-0.03438121918275329,0.14479184152482763,0.09756959622040816,0.10985877353884366,0.032119057921956996,0.09419233100744596,0.06316053005292782,0.03701320578047213,-0.019442889743549085,-0.02398372894142405,-0.011922386015552485,0.05180599190254339,0.02693044336525391,-0.06157211684607882,0.023777254402645373,0.09468511096594763,0.1261115901065065,0.08822137829009512,0.034505560102934214,-0.06566210783257205,-0.021522070925853416,-0.025557697250441918,0.06305949721563017,0.2954097041703965,0.20998542621729074,0.3080994513206397,0.29080587281049586,0.06597888298929361,0.11768583474680953,0.04730152275021502,0.0008640160900474925,0.046895950476762566,0.20502029086482257,0.09048881683481536,0.05477315412645295,0.20180166120222856,0.16889792517559568,0.03901603559082095,-0.01564246221219744,0.15715204063435445,0.10604124404847858,0.07654727203402718,0.11190582523153882,1.0
-0.01076748368365231,-0.02411998166499831,-0.00601307551490616,-0.0987541059717048,-0.05149544853098459,-0.09447748657217565,-0.08468505662475632,-0.06276845190890966,-0.071923879846376,-0.10316386289339331,0.03230306666931719,0.05205799248375015,-0.06455403906930854,-0.0155477745411469,-0.0335658091279406,-0.06464151167369354,-0.014512897800863811,-0.05701012868461858,-0.02982342869887894,-0.04937068149322001,-0.08670569520474898,-0.16805784093663748,0.04710621878993099,0.07223641442082641,-0.06122842429837879,-0.02156229471876499,-0.021760039085631594,-0.06951374142292983,-0.05663596772872645,-0.061923355444565,0.10347689662673172,0.12205100792718443,-0.04201307277496961,-0.0005908559342505162,0.027090467025634765,-0.035107196538933606,-0.11146949967984353,-0.04676830786559061,-0.15448835699873245,-0.14403469466539948,-0.03333974092314597,-0.00041004243936494195,-0.048062016481532584,-0.014255934647149582,-0.06910221713364186,-0.07279355675141637,0.009505829877162501,0.03436049253060691,-0.026955139240576104,-0.011556237266103378,1.0
0.035542482679356384,8.751849118176364e-05,0.1807121139664397,0.2815576998484602,-0.009742632315417702,-0.03024520280996658,-0.012196054153454807,0.00757447162230825,-0.054261435956431826,-0.017323789303732715,-0.03692265568663114,-0.038467731116756713,0.061471133969132265,0.056405116240731856,-0.14734025396169617,-0.16068466770344594,-0.15643665170826926,-0.13136676187756943,-0.14231698849027133,-0.07945124013007021,-0.1558204745395404,-0.060889741064393745,-0.0012116496119728853,0.019256396677483797,-0.07813334915769497,-0.0754825600202022,-0.13631355325990943,-0.18548038107735146,-0.07867647140492877,-0.13003862752709816,0.06758637818760753,0.048157963722463504,0.15314220511557344,0.025843540118871976,-0.030689951001318688,-0.011652649507537971,-0.12750481390940135,-0.08758082881753797,-0.08226312612649118,-0.02564185183843334,-0.07164175674959389,-0.10090032638347375,-0.04353206971946471,-0.05528603914844792,-0.14336804873873374,0.0104384142961711,-0.020012243545938283,0.016860837010255356,-0.044022316429175534,-0.044586895207354225,1.0
0.10454202748898798,0.10010337320694579,0.18417886351749965,0.11878987848942861,-0.09502096312362902,0.009003200613689333,0.14331267884677742,0.09353925858037526,0.07220514628479276,0.09456569222791915,0.18345633011971038,0.15635266411573137,-0.050511763631322225,0.036398746488571276,-0.10138868656258737,0.002670414909263244,-0.03978304449529165,0.055823409862403466,-0.007522756322695022,0.1265987345729033,-0.006848926826009828,0.04535550587104322,0.08331387275806273,0.14121248345083046,-0.09080363882920933,0.064614201835412,-0.04890537187501868,0.20488330284683673,-0.06391279622260955,0.09873249408166475,0.07535292203231705,0.09653174667969987,0.03509291838214907,0.06480654536120915,0.060656536019766456,0.06120142944138727,0.1196835504504754,0.1489474691685921,0.09468946917993586,0.2121130552625702,0.007556622870546643,0.030734115748680384,0.06983560811529693,0.07300667190557551,0.1355708303566195,0.12734219876595632,0.12765540201885914,0.17202099052998174,0.055366213919590956,0.06116482254971014,1.0
0.010896976976628342,-0.03424520659256688,0.2579377581200032,0.10507480764396741,-0.13320602140392046,-0.1419503902485432,-0.13777605986634153,-0.12672622805837633,-0.1362407786406076,-0.12096928267992003,-0.10574139778678833,-0.16182700230214692,0.013582018417895386,-0.03093705232952673,-0.1753777790352686,-0.17254610052364963,-0.11569057559707963,-0.15859360000280795,-0.09346994991746738,-0.18690909163527322,-0.19617116871417792,-0.27491496384541847,-0.08837257994265545,-0.04402478689487186,-0.13555660180414975,-0.08023157396399218,-0.12221760923693459,-0.14808909110919427,-0.11220853287651526,-0.1039007912139978,0.13611274407162594,0.013400411689717617,-0.05048055309375223,-0.15222887123994275,-0.26871245790945725,-0.2720305915667221,-0.1213516866735933,-0.07048883712727924,-0.05416205735729054,-0.08027817046197007,-0.009858282872728025,-0.08738477771172315,-0.009873738286218264,0.0012647620709134676,-0.3133688649838941,-0.36613037002473003,-0.1812977443854309,-0.02513355775614125,-0.205805424697198,-0.21445792885198267,1.0
